tweet,class
Palestinian Media Outlet Explains a Way to Blame Coronavirus on Israeli Jews,0
Lithuania Drafts Law That Would Make It Impossible For Jews To Sue For ‚ÄòHolocaust‚Äô Reparations ,0
"As armed white supremacist protestors waving confederate flags and signs declaring Jews to be the ‚Äúreal plague‚Äù gather all over the country to defend their ‚Äúright‚Äù to spread a deadly virus, Mayor De Blasio thought it was appropriate to scapegoat our Jewish neighbors.",0
"You are not ‚ÄòThe Jewish Community.‚Äù 
You represent 30% of British Jews.
You are only part of a diverse community with varying views on Labour and what constitutes antisemitism. ",0
"My definition of the Church in a nutshell: ""The Church is the messianic/New covenant community of Jews and Gentiles in this age between Acts 2 and the Rapture who have explicitly believed in Jesus the Messiah and have received the New Covenant ministry of the Holy Spirit.""",0
"@IsraeliPM @POTUS 
At least we know these two strive for peace, protecting Jews and Christians. Let's not forget @SenSanders is a Jew, but really is a Hezbollah Militant Promoter, he hooks up with Linda, Omar, &amp; CAIR. All who want death to America. Keep going Bernie, we see you. https://t.co/kfFPsL7NHF",0
"The above link about #detentioncenter of #Hitler . What he did to Jews community!! 
If #BJP don't want to such results then why are they bringing ",0
Boris Johnson's book depicts Jews as controlling the media ,0
"You mean I represent the 80% of American Jews who vote for the Democratic Party, yep, that‚Äôs right.
Whereas you apparently have Stockholm syndrome or some shit.",0
"For many of us, this will be the first Passover seder we've held in imperfect times. I find myself thinking of Jews in other times and places who found ways to celebrate in truly dire circumstances. At my family's seder tomorrow, we're going to talk about them. (Thread)",0
"Yep, nothing like comparing the estimated 15 and 20 million Jews who died in the Holocaust to illegals attempting to enter a country @JoeBiden. ü§¶‚Äç‚ôÄÔ∏èAnd the woman asking the question is obviously an uneducated fool.",0
"Just another @UKLabour supporter/member pretending to be Jewish whilst calling us ""ZioNazis"" (white supremacist talk for Jews) &amp; announcing Jews are ""pedophiles.""
#LabourAntisemitism",0
"For by one Spirit are we all baptized into one body, whether we be Jews or Gentiles, whether we be bond or free; and have been all made to drink into one Spirit. ",0
"Orthodox Jews seen open carrying firearms in New York after spate of anti-Semitic attacks
It‚Äôs sad that it‚Äôs illegal to carry a gun In New York
Now these Jews will be considered criminals",0
"The Far Left‚Äôs hypocrisy sucks. They have the gall to lie about Jews ‚Äúweaponising‚Äù antisemitism, while they weaponise Racism to defend the vile actions of people who happen to belong to certain groups. Hypocrisy and projection.",0
"Muslims only demand &amp; lies, they do not know what generosity is. Jews always give and stretch out a hand. After six days war they gave the keys to Muslims, but no reciprocity. Muslims invade Europe, uninvited and only demand. Only contribution here and Israel, is violence ",0
"On International Holocaust Remembrance Day, we mourn the lives of 6 million Jews who were systematically murdered.

Today and every day, we must redouble our efforts to confront anti-Semitism and all forms of religious discrimination and say #NeverAgain.",0
4 Teaser &amp; Trailers Hits 500K+ Kike,0
Zionazie.,0
MSNBC‚Äôs Ayman Mohyeldin Joins the ‚ÄòExploit the Coronavirus to Demonize the Jews‚Äô Party ,0
Fun fact for Holocaust Remembrance Day: this was the same tactic used to keep European Jews out of the United States in the 1930s.,0
‚ÄòThe Mexicans are the new Jews‚Äô ‚Äî¬†Music legend Linda Ronstadt isn‚Äôt afraid of comparing Trump to Hitler,0
"@the_moviebob SAME White petit bourgeois start openly saying stuff like ""beating to death Niggers and Kikes make my dick hard""

The Real True Left‚Ñ¢: ""These are clearly lazy trust fund kids who used mom &amp; dad money to fly first class to that posh, foppish, neo-nazi demonstration""",0
"Quarter of the French Jews Have Been Assaulted by Anti-Semites, Half Feel Threatened Daily  Survey Finds  #Islam #MAGA #UniteBlue",0
"Thinking about how, throughout history, Jews faced enormous  pressure to become Christians/Muslims, and now face the same pressure to become anti-Zionists. Moral of the story? There is yet to be a point in history where a Jew is not maligned for holding beliefs held by most Jews",0
"Crusaders invaded the Middle East, burned Jews alive, killed, raped, pillaged. This really is no different than brandishing a swastika",0
"Notorious anti-Semite terror supporter Linda Sarsour‚Äôs BFF, B√ºrgermeister Warren Wilhelm, has a message for NYC‚Äôs Jews: ",0
@OscarJu97128129 @_SJPeace_ Parallels to those brave people who helped Jews escape Nazi Germany. This man is a hero,0
"Today we remember Raoul Wallenberg, who saved the life of 100,000 Jews in Hungary in the midst of the Holocaust. He was detained on January 17, 1945 and was never seen again. In 1985, he was made the first Honourary Citizen of Canada. #WeRemember ",0
"On #HolocaustMemorialDay and the 75th anniversary of Auschwitz's liberation, we honor the millions of Jews and other victims whose lives were extinguished by the Nazi regime. Today and every day, we must give hate no safe harbor to ensure such atrocities never again occur.",0
"'zionists', 'zios', 'zionazis', '(((them))), and now 'gnasher scum' and its variations. All used as substitute words for Jews and our allies ",0
"On Holocaust Remembrance Day, we remember the six million Jews and other victims of Nazism.

We honor their memories by speaking out against anti-Semitism, injustice, ",0
Just last month everyone cared about racism when Jews weren't safe in this country anymore. Now there's no such thing as racism in the UK because it's black people...,0
"Public school curriculum in the US:

Black people slaves
Brave women get vote
Jews holocausted
Mustache man bad
Black people get racism
Here is a disabled person
Black people poor
Gay people good
How to do drugs
AIDS, not just for gay people
Remember, jews holocausted",0
"CHRISTIANS: this verse in the old testament says X
JEWS: It doesn't say that
CHRISTIAN: maybe. Who knows?
JEWS: we do. That's not in the Hebrew
CHRISTIAN: no one knows what the original language means
JEWS: Yes we do. We can read it.
CHRISTIAN: It's lost forever",0
"Kids in cages, deportations, Muslim ban, rising xenophobia,intolerance towards Jews &amp; Muslims, assassinating foreign leader,open prejudice towards Iranians, bogus Impeachment trial, asst Israeli annexation,expanded Muslim ban. ",0
"As someone who grew up with lots of ‚Äúyou killed Jesus‚Äù people, people genuinely do believe that shit and will attack Jews for it to this day",0
"75 years after the Nazis wiped out a third of Belgian Jews, SS officers are marching down the streets of Belgium again.",0
"@GoodmanGames Claiming that Jews fake antisemitic attacks, that we're secretly pulling the strings of presidents committing genocide against white America, all that crap
That's not ""drama.""
That's violence.",0
"1 April 1933 | Nazis carried out the first nationwide, planned action against Jews of Germany: a boycott of businesses &amp; professionals. It was a reprisal &amp; revenge against ""atrocity stories"" that Jews were allegedly circulating in the international press. https://t.co/9P5GEPUV0Q https://t.co/uRIEaUbiy7",0
"The man broke into a synagogue in the central Ukrainian city of Vinnytsia and was shouting ‚ÄúBeat up the kikes (Jews)."" #antisemitism",0
Fun fact for Holocaust Remembrance Day: this was the same tactic used to keep European Jews out of the United States in the 1930s.,0
thinking abt this girl who literally called jesse eisenberg and andy samberg kikes like just bc u censor it doesnt make it any less antisemitic https://t.co/ODm9LsVZ0O,0
@RahulEaswar It's holy day I should not says what was fate of Jews,0
"Fear of the crosses, fear of Jawi, fear of the transgenders, fear of the tudung, fear of the serban, fear of the Jews, fear of pluralism, fear of babi.

Nothing can be achieved when the society remains chained by irrational fears. ",0
"@AndyWalker1963 @KeloidKrown @clarkegeorgina1 @mrjamesob Why did the Nazis make Jews wear the yellows stars as the contemplated their genocide? The genocide was unspokeable but the average German could ""other"" them.  Racists are different from their targets and average people can easily other them...",0
Brigitte Gabriel defends Jews in one of the best speeches the UN has ever heard - @IsraelVideos ,0
"Spanish Blue Division soldiers witnessed deportations of Jews in Russia, writes Boris Kovalev. In memoirs, however, Russian civilians primarily recall confrontations w/ the Spanish soldiers, who stole warm clothes &amp; ate the village cats. #SpainSWWHolocaust https://t.co/2rNWMSYWgp",0
"This Holocaust Remembrance Day, as we remember the millions of Jews who lost their lives at the hands of the Nazi regime, we recommit to ensuring such atrocities never again occur. With anti-Semitism on the rise, all of us must root out intolerance and give hate no safe harbor.",0
"@DTsarouhtsis @AcarUmut @DavidHarrisAJC That genocide denier says Ataturk saved so many Jews, which is true. I‚Äôm a proud genocide denier too by the way. üòÇüòÇüòÇüòÇüòÇüòÇüòÇüòÇüòÇ",0
"It is eighty years since Japanese diplomat Chigune Sugihara saved 6,000 Jews in Lithuania. His is one of the many stories of resistance I pay tribute to in I AM JUDEN. Here Chigune's son reflects on his father's extraordinary accomplishments: https://t.co/ZIEVvZsHgd",0
"Today is #YomHaShoah, the date in the Jewish calendar for Jews around the world to mourn the loss of the six million Jewish people murdered during the Holocaust. Here is the full schedule of online content that will be streaming tonight and tomorrow from @yomhashoahuk",0
"Orthodox Jews seen open carrying firearms in New York after spate of anti-Semitic attacks

It‚Äôs sad that it‚Äôs illegal to carry a gun In New York

Now these Jews will be considered criminals 

",0
Blatant Anti-Semitism on full display. Spanish parade mocks the holocaust and the 6 million Jews that died. With socialism on the rise beware. We will see more of this. #StandWithIsrael,0
.@donaldjtrumpjr spreads antisemitic conspiracy theories that inspire the murder of Jews. He gave an interview to the news site that called impeachment a ‚ÄúJew Coup.‚Äù His father‚Äôs presidency has seen a rise in antisemitic hate crimes,0
"i love how jews, persians, kurds and assyrians arent considered as middle eastern as other Arabs because we refused to submit to arabization... can‚Äôt make this up luv",0
like the amount of times i‚Äôve seen jewish ppl on my tl called kikes and jesus-killers in the last 24 hours is. startling,0
Swalwell is a liar. Trump hs been very supportive of Jews particularly Israel and has condemned anti-semitism and specific attacks. And the machete attack and deli shooting were done by blacks not white supremacists.,0
"@EdmundOris 2011/12 villas boas wanted a youthful revolution at chelsea and unfortunately the kikes of drogba,anelka,malouda were casualties,he preferred a combination of Torres and sturiddge in most of the games 13 of drogbas appearances that season were from the bench .",0
"If Arnab Goswami was there in 1940,

He would blame Jews for provoking Hitler to make concentration camps",0
"By the ""German people"" does Kawczynski include the many socialists, communists, Jews, Christians, members of the clergy, the mentally ill, members of the LGBT community and others imprisoned and murdered by the Nazi regime and is he aware Hitler was an Austrian not a German?",0
CHRISTIANS: this verse in the old testament says X,0
"As I have stating repeatedly, Modi's Hindu Supremacist agenda is akin to the Nazi pogrom of Jews in the 1930s while  the major powers appeased Hitler. Modi conducted pogrom against Muslims in Gujarat as CM &amp; now we are seeing the same in New Delhi.",0
"It‚Äôs sad how some people cater to Zionist Jews feelings and are afraid to say anything that upsets their fragile feelings. 
It‚Äôs the truth, and Israelis don‚Äôt like hearing it. 
They live in a bubble filled with rotten rabbi shit and they feed off false sob propaganda.",0
"April 627 

900 Jews belonging to tribe of Banu Qurayza were beheaded in presence of Muhammad. 

M himself chopped off heads of 2 Jewish leaders. 

Karen Armstrong called it  'The first holocaust' of the Jews! 

Today also who is at war with Jews?",0
"‚ÄúJews are lying about me.

Christians are lying about me.

Muslims are lying about me.

Republicans are lying about me.

Many Democrats are lying about me.",0
". . .bin laden is a failed attempt to enlightened him and his kikes.

2.  Another thing we should always remember is that terrorism has no religion. Those saying Islamic extremism are only interested in promoting absolute hate for the great faith. .",0
"On the other hand we don't have candies or desserts called retarded, kikes, wops, beaners, gooks, chinks, faggots, trannies, crackers (wait...)",0
"Just another @UKLabour supporter/member pretending to be Jewish whilst calling us ""ZioNazis"" (white supremacist talk for Jews) &amp; announcing Jews are ""pedophiles.""
#LabourAntisemitism",0
"@imtheg8imthekey @IfNotNowOrg @JoeBiden Kick the kikes out of Palestine, of course!!!!",0
@WangXian_Silent they really said arabic and Jews are countries no words üíÄ,0
"Hamas leader says women's role in society is to commit suicide bombings against Jews

""Women Are Martyrdom-Seekers, They Help Martyrdom-Seekers, and they Replace Martyred, Imprisoned, Or Exiled Men""",0
"Latest: Orthodox Jews are emerging as a major force in plasma donation efforts in the New York region. 

More than half of Mount Sinai's donors so far are Orthodox. 
",0
"Why are Jews allowed to be anti-White, but Whites aren't allowed to be anti-Semitic?",0
"This month, Jews, Christians and Muslims will be acknowledging and celebrating #Passover2020, #Easter and #Ramadan, respectively, during a coronavirus pandemic. 

We are encouraged to do the most good and the least amount of harm.",0
"@vonderleyen The German Miss Merkel, decided to replace the German Jews for undocumented illegal jihadist criminals she imported from across all Islamist countries. German government did this out of pure jealousy for the Jewish people. Once again. @realDonaldTrump  https://t.co/IBsywqIG0l",0
@ilyhoremonez Lmao and even if u wasn‚Äôt camping for streaks u still joined my session cuz u are big mad cuz I kikes u out my party cuz u wanna kick me out your party and delete me trying too prove something and u just making yourself sound more stupid your so ass lmao ü§°ü§°,0
shtand here for her friend kikes. - @thePoeticRobot,0
nazi or better to say it...  ZIOnazi !üòÖüòÜ,0
"On the other hand we don't have candies or desserts called retarded, kikes, wops, beaners, gooks, chinks, faggots, trannies, crackers (wait...)",0
"This antisemite attacked a Jewish women was arrested and released, she attacked Jews again was rearrested and released a second time!!!  All due to @BilldeBlasio policies!
",0
"#YuvaratnaaDialogueTeaser 
Real Time Views Update!
800K Views
77K Kikes
",0
"26 February 1944 | A transport of 650 Jews arrived at #Auschwitz from Fossoli di Carpi. 526 people were murdered in gas chambers. 29 women &amp; 95 men were registered in the camp. Among them was Primo Levi - he received number 174517. In September 1947 he wrote ""If This is a Man"". https://t.co/uytLoCGtCv",0
"Palestinian Peace Plan:

Hamas: All Jews must die.

Israel: We won‚Äôt allow that.

UN to Israel: Can‚Äôt you meet Hamas half way?",0
"""Anti-Semitism doesn‚Äôt differentiate between those in long beards and black hats &amp; Jews who are clean-shaven and bare-headed. In singling out the Jews for spreading the virus, the mayor was",0
"Today we remember the 6 million Jews and others killed by the Nazis, together with all other victims of genocide and oppression past and present.
With prejudice, racism and hatred of the other on the rise again, it's never been more vital that #WeRemember.
#HolocaustMemorialDay",0
"@GadSaad The hatred and suspicion of Jews is one of the most bizarre things about the world. 

I'm not even a Jew but I would gladly join the IDF to protect them.",0
"When the Democrats began defending Omar and her radical rhetoric towards Israel, Jews and even America in general, they bought into her cultural Jihad and now they are bedfellows. America is no place for either Omar nor the Democrat Party's alliance with Islam.",0
"Sikhs have the spirit to make world peaceful. Dear christians, muslims, jews and bodhis lets be together to kill the evils.",0
@WhiteHouse @realDonaldTrump notice how he only had a white Christian kid for the photo and no jews or muslims?,0
"""...it is fundamentally unethical [for @IfNotNowOrg] to hold Jews in America accountable for a foreign government‚Äôs security considerations.""
",0
@Bob_cart124 Jews right to self determination is racist...... the stupidity of your comment is palpable,0
@StopAntisemites @Claire_Voltaire @LAPDHQ What kikes means?,0
"'zionists', 'zios', 'zionazis', '(((them))), and now 'gnasher scum' and its variations. All used as substitute words for Jews and our allies",0
"""City's overrun with kikes and low Irish.... In ten years a Christian wont be able to make a living... I tell you the Catholics and the Jews are going to run us out of our own country,""

Manhattan Transfer, John Dos Passos
1925",0
"Most inspiring,  healing , restorative 
May Jew, Muslim and Jews do a line dance soon . InshaAllah",0
"@adriandt31 @DianaDearmore No, because they correctly fight back, as should Christians, Jews, Hindus, Ba‚Äôhai, etc.  No one should have their houses of worship closed (especially now), let alone businesses that sustain lives.  They need to end this nonsense ASAP.",0
"did not apply equally to all new Americans.  Russians, Poles, Italians, Irish and, particularly Catholics and Jews, felt the stigma of being treated as aliens, as foreigners who would never become ‚Äúreal Americans.‚Äù (5 of several)",0
"'zionists', 'zios', 'zionazis', '(((them))), and now 'gnasher scum' and its variations. All used as substitute words for Jews and our allies",0
Sometimes I wonder if these are real people or just anti non jews trying to make jews look dumb.,0
@juhhsee why did you just bring in Jews into the equation randomly? you realize that it's antisemitic to compare every little thing to Nazism because it's desensitizing the very meaning of the word right?,0
"#SkipAIPAC NOW @MikeBloomberg 

Jews for ‚òÆÔ∏è",0
"Socially progressive Jews once every 7 1/2 years get to celebrate Berakhot 62a day, where we remember that one sage crawled under the bed of another to listen to him have sex with his wife as if he were a feral beast and then declared, ""It is Torah, and I must learn""",0
I JUST WANT TO BE AT A DODGER GAME DRINKING A SHIT TON OF BEER WHILE I DROOL OVER KIKES BOOTY,0
"This is so important. Defaming, gaslighting and abusing Jews must have legal consequences, and truth must eventually win out. Well done @RachelRileyRR and @MLewisLawyer for standing up to bullies.",0
"Once and for all, as I‚Äôve stated over and over again: Ashkenazi Jews are just as indigenous to Israel as any Jew. Recognizing Black Jews, Jews of Color, Mizrahi Jews does not negates any Jew‚Äôs connection to Israel. But y‚Äôall have to stop obsessing over how other Jews identify.",0
"'Meet a Jew': Feeling like targets, these Jews are taking their case to the streets of N.Y.C. ",0
"Just another @UKLabour supporter/member pretending to be Jewish whilst calling us ""ZioNazis"" (white supremacist talk for Jews) &amp; announcing Jews are ""pedophiles.""

#LabourAntisemitism",0
Yair Netanyahu ran a poll &amp; now knows for sure that Al Jazeera hates Jews,0
"Andrew Neil‚Äôs Spectator US is promoting a guy who wrote ‚Äú10 Things I hate about Motherf*cking Jews‚Äù

Yet he spent hours lambasting the Labour Party for not dealing with anti-Semitism",0
@LeaoOpressor @loGABRlELinHeLL Hollywood j√° t√° cheia de kikes e agora ganhou mais um...,0
"Gantz doesn‚Äôt want a government serving Jews and Arabs, he wants to use the Palestinians to kick Netanyahu out and then proceed with the same Greater Israel plan ",0
@cjbanning @JimMead18283862 @CxTheonaut They were written by Jews,0
@SpiritED_Sweet She wont get banned bc she only used tropes and dogwhistles. If she could say kikes and hymies she would,0
New York City‚Äôs mayor just ordered police to start rounding up Jews. ,0
"""F**k Kikes"" spray-painted on Los Angeles synagogue Ahavat Shalom in shocking display of antisemitic vandalism.",0
"Bill Maher : But why the Jews, why do they have the kick me sign on their back?

Might have something to do with Usury, pornography, open borders, illegal organ harvesting, slavery, prostitution, gambling, transgenderism, wars, drugs (legal &amp; illegal) &amp; that‚Äôs just for starters https://t.co/fFlHSAH4Jb",0
"@cenkuygur @BernieSanders #CenkUygur is another Antisemitic Democrat that attacks Christians &amp; Jews who disagree with his hateful Communist rhetoric.
He‚Äôs a paid tool for a domestic terrorist organization that‚Äôs ultimate goal is Jihad in America.",0
"#YuvaratnaaDialogueTeaser 
Real Time Views Update!
800K Views
77K Kikes
",0
"The man broke into a synagogue in the central Ukrainian city of Vinnytsia and was shouting ‚ÄúBeat up the kikes (Jews)."" #antisemitism",0
‚ÄúFauci or the Jews‚Äù is trending because the Washington Post doesn‚Äôt use the Oxford comma &amp; gosh Fred there‚Äôs a good illustration of why you should use the Oxford comma,0
"This is ludicrous. We Jews do not control ""most governments."" We control all of them. You're never going to cast off Judaic domination if you can't even get your basic facts straight.",0
"Dear world leaders,

Thank you for respecting the memory of the millions of Jews murdered in the Holocaust.
Eradicate Antisemitism from your countries &amp; support the only reason another Holocaust cannot take place: the Jewish homeland, Israel.",0
"What happen when two indians and 2 Jews are kept in locked room without internet, mobile, food,water ",0
"When Hitler killed millions of Jewsÿå the family of the former king of Iran celebrated the killing of the Jews &amp; changed the name of my land from Persia to Iran! Just like the regime of Iran! The Cyrus Empire.
#HolocaustMemorialDay",0
"""Deportations of Hungarian Jews to Auschwitz""

The lesson about the extermination of the Hungarian Jews in Auschwitz, but also about the history of the Jews in this country before the Second World War &amp; during the period before the deportations. ",0
Robby @DocMartinDub is using social media to promote antisemitism and incite hatred towards Jews. His previous account @takethepss is suspended for hateful conduct. Please report him to the police for hate speech and to @Twitter for evading suspension. TA cc @CST_UK @GnasherJew https://t.co/Cjyq4GCyaL,0
"4 March 1943 | 1,000 Jews arrived at #Auschwitz from #Drancy. SS doctors sent 881 people to gas chambers. 19 women &amp; 100 men were registered. All men were sent to Sonderkommando. Among them was David Ol√®re. After the war he showed his traumatic experience in drawings &amp; paintings. https://t.co/8pSSn1PKMo",0
@BaZinga79132539 @JadedCreative Some Jews oppose it. Most secular ones are not aware that Jewish tradition sees it as sexually damaging. ,0
"Please quote where and by whom this argument about Israel is made, or apologise to Jews in general who are the targets of your slur",0
"It is #HolocaustMemorialDay. 

The Nazis targeted 

Jews
Romani people 
Disabled people 
Queer and trans people
People with the ‚Äúwrong‚Äù political beliefs 
Slavs",0
"President Donald J Trump stands up for the Unborn. 
President Donald J Trump 
stands up for Christians and Jews. 
President Donald J Trump publicly gives thanks and honor to God.
I am so grateful for our President.
The hand of God is upon President Trump.
God bless our President.",0
@_yintii Bunch of kikes @YouTube,0
"U.S. soldier killed in Kenya, Trump says nothing.

Jews attacked in New York, Trump stays quiet.

Earthquakes affect millions of U.S. citizens in Puerto Rico, zero from Trump.

It‚Äôs not that he‚Äôs not our President, it‚Äôs that we‚Äôre not his constituents.",0
"As we remember the #Holocaust even today there are those whose hatred of Jews has no limits - Holocaust deniers.

I see it everywhere. This sick guy is FB friends with a member of the Hol (Jenny Tonge) &amp; the head of SPSC (Mick Napier).

Note the Palestinian flag in his profile.",0
"@johnrcoats Halo!, the unroll you asked for: Thread by @18airbornecorps: 1 of 15: WE ARE ALL JEWS: THE STORY OF RODDIE EDMONDS One of the most moving and relevant‚Ä¶ https://t.co/TtAqoX2oJ9. Enjoy :) ü§ñ",0
"NOTE, near NON jews DIED

they were NEEDED to spread own RUMOUR.",0
‚ÄòThe Mexicans are the new Jews‚Äô ‚Äî¬†Music legend Linda Ronstadt isn‚Äôt afraid of comparing Trump to Hitler https://t.co/w1QzElGBCZ,0
"#YuvaratnaaDialogueTeaser 
Real Time Views Update!
900K Views
83K Kikes
50K Cmts üî•üî•üî•",0
"Jesus Christ, if you are listening sitting in skies ,somewhere, please please come down now, jews are waiting for you, Christian‚Äôs are waiting for you, Muslims are waiting for you. In Pakistan üáµüá∞ Khatam e Nabuwat is a big issue because of you. If you come AHMADIYYAT will FINISH.",0
‚ÄúFU*K KIKES‚Äù found today around noon spray painted on the front of an L.A. Synagogue on Pico. ,0
"This is a special time for people of different faiths: Christians celebrate Easter. Jews are marking Passover. Muslims will soon begin the holy month of Ramadan.

I appeal to religious leaders of all faiths to join forces for peace &amp; focus on our common battle against #COVID19. ",0
"The only people who tell Jews ‚Äúif you don‚Äôt like [country that isn‚Äôt Israel] then leave‚Äù are fascists, and Netanyahu.",0
@LillianRosengar Palestinian Authority Rewards Terrorists for Number of Jews They Kill ,0
Is There a Crackdown Against China‚Äôs Kaifeng Jews? | Al Bawaba ,0
"A variant of don't-say-Jew-say-Zionist: 
""Don't say JewNazi, say Zionazi."" ",0
"

Its from the ashes of 6million murdered in the #Holocaust that the Jews grew strong&amp;grow stronger day by day
NEVER AGAIN MEANS JUST THAT, WE WILL NEVER ALLOW IT TO HAPPEN EVER AGAIN
#NeverAgainIsNow #NeverForget ",0
I WENT TO MY NANY AND I WAS RUNNING AND SHR WAS KIKES TF ARE U OKAY AND U WAS IM IN A RUSH I ALWAYS WANTED TO SAU THUS,0
@swilkinsonbc Zionazi #IsraeliCrimes ,0
"@RichardBurgon @afneil This comment reminds me of you trying to defend your comment about Jews, which I believe Andrew managed to show your comments on video!!
Shame the last election was not really about the best but the least worse... was it also the worst defeat for Labour in the last 100 years?",0
"Lots of interesting data here.
In short: Jews are still Democrats &amp; most disapprove of Trump &amp; will vote for any Dem. 

Jews don't mostly vote on Israel, but...almost all are pro-Israel &amp; majority disagree w/policies of Israeli government.",0
"A variant of don't-say-Jew-say-Zionist: 
""Don't say JewNazi, say Zionazi."" 
",0
"@YourFriendZippy @MaierViv Whatever next for the Brits, schoolbooks banned for depicting Jews dating non-Jews?",0
"@GeographyNow So many Judeo languages on that map, undeniable that Jews were really important in the Arab world.",0
"Rashida, I dare you to speak out against the persecution of Christians and Jews throughout much of the world.",0
@uopib89 @yosighh I don't know how to feel tho its not my place to speak..I feel bad for the Jews because someone still needs to teach the children about the Torah. The numbers of Jews in the world (some not practicing) is painful to see,0
"@WhiteBastion @GiladAtzmon @SenSanders SOME Jews are parasitic for sure, but there are far more non-Jewish parasites in western society. Other Jews (Einstein being a classic example) have contributed disproportionately positively to our civilisation. https://t.co/5gdwRYKlFT",0
"#Apartheid zionazist...
Ethnic cleansing, land seizure, home demolition, military occupation, bombing of Gaza..
Israel is copying South Africa very well",0
"The East London Mosque blasts the Adhan, Islamic Call to Prayer

This Saudi funded jihad center preaches hate towards, Jews, Christians, Hindus, LGBT, women, the west, hosted terrorists such as Anwar Al Awlaki, produced ISIS fighters, etc.
",0
"Incredible.

Thousands and thousands of Jews and allies marching across the Brooklyn Bridge to say #NoHateNoFear ",0
There is no Adolf Hitler Foundation. The Jews respect themselves,0
"You never hear of Hindus or Sikhs being trouble makers, do you? Nor Jews. Hmm... not Buddhists either. Have I missed anybody out?",0
@marydifino Socialist Jews-haters like him,0
Imagine if there were even half of the attention paid to the huge rise in hate crimes against Jews and the massive anti-semitic response to the Sanders campaign as to the fact that random accounts with 8 followers on twitter are mean.,0
"Great analogy, Linda. Yes, the Jews were totally trying to get into Nazi Germany rather than flee it. #ThesePeopleAreNuts ",0
You‚Äôre literally trying to be so problematic. Jews fast. Catholic fast. Christians fast. Educate yourself boo,0
"@AngryBlackLady And, obvi, like you and me, a whole bunch of Jews.",0
"@Ilhan You of course realize that Passover is about Jews leaving our oppressors to return to our indigenous homeland, Israel. Right? You realize the holiday ends with declaring ‚Äúnext year in Jerusalem‚Äù, yes? I‚Äôm being facetious. You‚Äôre so clueless.",0
"""F**k Kikes"" spray-painted on Los Angeles synagogue Ahavat Shalom in shocking display of antisemitic vandalism.

",0
"Jews don't proselytize, we just go, ""are you ***sure*** you're not Jewish???""",0
"Nazis are out here impersonating Jews again to stir up animosity between Jews and non-Jewish Black people. Don't fall for their shit. Check out @/MayaHee8 to see an example of what this looks like so you know what to look out for, then report the fuck out of them.",0
"@IfNotNowOrg Funny coming from occupiers of the Lenape lands, against Jews living in Judea.",0
@ScottMGreer Jews consider Rome/Italy/Christianity modern day Esau/Edom and want to destroy it. Israel is not your friend ,0
"""There is not a person on earth who has a rational explanation for how the Jews found their way back to their land and, in 70 short years, turned it into a world powerhouse."" - Amir Tsarfati #thedayapproaching https://t.co/DAFAopwgRa",0
"Regardless of the current story we hear, the Polish assistance to the Jews during the Ghetto Uprising was vital and determined. 
Poles also fought and died in this crucial event and should be identified for their heroism.",0
"""Dear British Jews, 
we are so furious you have a voice. Why don't you shut up? 
Signed: middle-class Guardian readers, Corbyn supporters, with all our 8 Twitter accounts per person"".",0
"On International Holocaust Remembrance Day, we mourn the lives of 6 million Jews who were systematically murdered.

Today and every day, we must redouble our efforts to confront anti-Semitism and all forms of religious discrimination and say #NeverAgain.",0
@MARKOFBLADEZ @EK1GamingTV I‚Äôd say content and views count more than subs I‚Äôd sooner have 30 k. Jews and 1k followers,0
"Today marks Holocaust Remembrance Day and 75 years since the liberation of Auschwitz. As we remember the six million Jews that were murdered in the Holocaust, let us recommit to the promise of ‚Äònever again‚Äô by working to eliminate anti-Semitism and bigotry wherever we see it.",0
"@Sifill_LDF Can you explain why you think terrorists who attack Jews should be immediately let free? Can you also explain why you would promote this piece from @MaraGay , when she doesn‚Äôt even mention the lynchings of Jews as the controversy?",0
"Justice is served!

Hezbollah terrorists dressed up as Orthodox Jews in Beirut in a racist stunt aimed at inciting people against üáÆüá±&amp;üá∫üá∏ but got beaten up by people on the street who are anti-Semites themselves...üòÇ",0
"""And of course, no children were hit because the dirty kikes don't shoot at random like we do! And because of that no one cares that we complain!"" [sarcasm]",0
Can you imagine if the algorithm was programmed to deal with people who call Jews ‚Äútermites‚Äù.,0
"11 million people, including 6 million Jews, were murdered during the Holocaust. We must never forget, and we must always stand against anti-Semitism wherever it occurs. https://t.co/jn5Tqgf5mw",0
"Israel stands tall because Jews never normalised the atrocites committed on them. Neither did they forgive or forget their tormentors &amp; enemies.

You wont see a Hitler Road in Israel like you see places named after Khilji, Tughlaq, Moghuls in India.",0
Old which hunts down Jews with fake virus.,0
"There were humans before Adam and Eve. All Christians, Muslims, and Jews are the grandchildren of Adam. That is why they believe that Adam was the first human which is actually not true.
",0
Anti-Semite CNN contributor refers to Jewish Stephen Miller as ‚Äúit.‚Äù This is the same way Hitler spoke about Jews. Ana Navarro is a literal Nazi.,0
@abdullahadam Ultra orthodox jews - heavily over represented in corona infections in New York and Tel Aviv,0
"Netanyahu is a thug.

This has nothing to do with Israel, Israelis, or Jews generally. Netanyahu is simply a thug, a liar, a criminal, and‚Äîmost importantly for Americans‚Äîsomeone who secretly meddled in the 2016 presidential election to help elect Trump. (See PROOF OF CONSPIRACY.)",0
Does this give the zionazi sadist a fix does it? ,0
"The Nazis murdered millions of Jews because they were ""unwanted.""

We murder millions of unborn babies because they are ""unwanted.""

People are valuable not because they are ""wanted"" but because they are people.",0
"For months the Jewish communities of NYC begged the city administration for increased NYPD presence, as Jews were getting smashed in the head with bricks. We were told the manpower was unavailable. Today that was shown to be a lie. https://t.co/NYQX9qYsKS",0
"Jews deported by the German Nazis for extermination to #Auschwitz were in most cases promised new life &amp; illusion of resettlement. The unaware victims packed their suitcases to start their new lives... and set up their new kitchens.

Hope was used in Auschwitz as a deadly weapon.",0
"Those who say @UKLabour is not a safe place for Jews are right, but not in the way they think. Labour is not a safe place for left-wing Jews who champion the human rights of Palestinians.
",0
Antizionism is descending into flat earth territory in order to deny that Jews are indegenous to Israel and have a long history here:,0
"'zionists', 'zios', 'zionazis', '(((them))), and now 'gnasher scum' and its variations. All used as substitute words for Jews and our allies ",0
‚ÄúFU*K KIKES‚Äù found today around noon spray painted on the front of an L.A. Synagogue on Pico. ,0
"@edolinsky I can't even imagine if on national TV, even the local one in #USA someone would say that ""kikes"" or ""niggers"" invented #COVID19 #coronavirus. Such #antisemitism, #racism, ignorance, lack of basic knowledge is shocking and yet not surprising. #Lviv is known for #hate. #Ukraine",0
"1. How do ppl end up HERE w/o recognizing this is some racist sh*t that parallels claims made abt Jews in Mein Kampf?
2. Why IN  HELL do folks fr historically marginalized grps think re-racializing or centering sex, etc re every problem human behavior is a great f*cking idea?!? ",0
@AFunnyValentine @Squill_whispers Sure it is they helped him form the final solution for the Jews...they had much to do with WW2,0
‚ÄúDe Blasio didn‚Äôt threaten Jews. He only threatened Jews who practice their religion publicly.‚Äù,0
@RandyT850 @BernieSanders Why do you hate Jews so much?,0
"Yes. Jews that want to talk to us should make some kind of offering. There's a Jew that keeps emailing me saying he's a fan and that he wants to help whites, but he thinks we're wrong on the holocaust. I said I'd believe he wants to help us when he publicly denies the holocaust.",0
"I've seen a huge increase in anti-Semitic hate mail under Trump; a lot of it involves some version of ""Jews will not replace us,"" ie the claim that there's a Jewish plot to replace whites with brown people 1/ https://t.co/VjRMZb9NfB",0
"Unlike Jews, our stories remained untold, unheard!

Tollywood or Bollywood did not find our story worthy of their money!",0
"Looks like an incurable case of TDS to me. Poor morgan freeman must hate how well the the Blacks, Jews, Hispanics, Asians, Native Americans, &amp; the working men and women of America are doing under Donald Trump. He  misses the days when only the elites were doing well under obama.",0
"22 February 1944 | A transport of 650 Italian Jews left the Fossoli di Carpi camp towards #Auschwitz. Among them was Primo Levi, a chemist who was active in Italian resistance. He was arrested on 13 December 1943 https://t.co/Wq2BnNJelN",0
Look at what the infidels and Jews have made: A machine that produces 2 million masks a day. I wish we can become like these infidels one day and start thinking with our brains instead of sitting on them. https://t.co/DeDzEF0CY8,0
You‚Äôre right. They‚Äôre trying to make Jews look evil and validate harassment of our culture.,0
"Dude, get the fuck out of Israel if it bothers you that much to see Jews in religious garb. They're not forcing you to convert to Judaism or else you die. 
Do you make a big fuss when you see a Muslim wearing a hijab in public or a Catholic on Ash Wednesday?",0
"On Yom HaShoah, Holocaust Remembrance Day, #WeRemember the 6 million Jews murdered in the Holocaust. #NeverAgain will we stand by as innocents die at the hands of anti-Semitism, bigotry, &amp; hate. https://t.co/rxe7nmWniO",0
"Antonina ≈ªabi≈Ñska and her husband, Jan, Warsaw Zoo director, risked their lives to smuggle 100s of Jews out of the Warsaw ghetto, hiding them in their home and on zoo grounds. Their story was told in the film",0
@YasirAdeelSk @RMohammedShafiq before khna kaba muslims and jews to gather use to used kibla aul .but allah had ordered to prophet Muhammad saw that from to day musl;ims will use khana kaba .so Allah had resolved issue along time ago  .but some muslims many muslims are still claiming batul mukudis,0
Patrilineal Jews are Jews.,0
"Tonight, the first night of #Passover, Jews tell the story of seeking freedom from captivity in Egypt. Right now, thousands of people are held captive in jails and immigrant prisons across NY. We join our Jewish and non-Jewish community in demanding: #LetMyPeopleGo. #FreeThemAll",0
"@SarafNoah @Zimmlaw175 @tarekwrites @ShowUrJewPride Who named the land Palestine after the Jews enemies the Philistines, in an effort to eradicate Judaism. We‚Äôre still here the Romans aren‚Äôt &amp; if the Palestinians don‚Äôt decide to live in ‚òÆÔ∏è with üáÆüá± they won‚Äôt be...",0
"Sharpton has called

Cops ‚Äúpigs‚Äù
Whites ‚Äúinterlopers‚Äù
Greeks ‚Äúhomos‚Äù and
Jews ‚Äúdiamond merchants‚Äù",0
"It was powerful to march with thousands of Jews today, in the face of antisemitism. I am so proud of the vibrant Jewish Left that showed up. We won‚Äôt be pushed out of our community, we won‚Äôt silence our voices, we won‚Äôt check our values at the door. We are #JewishAndProud.",0
"You can say Jews, Congresswoman. ",0
@HeerJeet How many more Jews would she have to marry and have half-Jewish children with to convince you otherwise?,0
@GnasherJew @78SoylentGreen @UKLabour Then I am pleased to be also a ZioNazie,0
@DonaldJTrumpJr Mayor De Blasio has been showing hate for Jews for at least a year in his neglect to protect them. The Bible in Genesis 12:3 says those that curse the Jews will be cursed. De Blasio is cursed a horrible curse according to God‚Äôs Word https://t.co/KjAtvaDYUF,0
"@NAN_DINI_ Just as Israel is the natural home for all Jews all over the world, India has to be (and openly declare that it is) the natural home of all Hindus and the offshoots thereof (Jains, Buddhists and Sikhs)..",0
@Bohemen_Mahren @RT_com Communist parties were secretly ruled by Jews got it. Yeah you‚Äôve fallen so far down the rabbit hole there is no coming back. L,0
@KissMeAdapoDwae @noafens BUT YOY ROKD HIN NOT YO LOOK AR THE KIKES,0
I can guarantee you anything someone who uses the expression ‚Äúzionazi‚Äù says is false and motivated by bigotry.,0
"Oh no, they just brought up Israel and the Jews...this is gonna get messy",0
@h_jineen So u call for the murder of Jews? . Tsk tsk ,0
"Fear of the crosses, fear of Jawi, fear of the transgenders, fear of the tudung, fear of the serban, fear of the Jews, fear of pluralism, fear of babi.",0
This is a special time for people of different faiths: Christians celebrate Easter. Jews are marking Passover. Muslims will soon begin the holy month of Ramadan,0
"14,000 antisemites gathered in Michigan yesterday to hear a man who loves to spread messages like:

‚ÄúJews are termites.‚Äù
‚ÄúJews started the slave trade.‚Äù False btw The jews don‚Äôt like Farrakhan, they call me Hitler. Hitler was a great man....‚Äù
‚ÄúThe synagogue of satan...‚Äù",0
Will DeBlasio be rounding up these Nurses too? Or is it only Jews? ,0
@bfaceNelson7 @pidgie22 Wasn't Peter siding with the Jews about bringing circumcision into salvation?,0
"@Jim_Jordan Rejoice Muslims, Buddhists, Jews, Sikhs, on and on!!!!!!!!!  No?",0
"I wonder why @IlhanMN, who:

‚ÄîAccused American Jews of dual loyalty

‚ÄîClaims Israel has ""hypnotized"" America

‚ÄîHas been endorsed by anti-Semite David Duke

‚ÄîTweeted ""it's all about the Benjamins"" in reference to Jewish people

Supports sanctions on Israel but not on Iran",0
"Hitler began the census shortly after seizing power on April 12, 1933.  By the end of 1939, all orthodox Jews had been identified, pinpointed to their abodes, twice over.The purpose of the Census was to first locate the Jews and then ‚Äúcleanse‚Äù them.",0
There is no Adolf Hitler Foundation. The Jews respect themselves,0
A weird time when being Jewish and beautiful was made to seem dissonant and Jews changed their names. ,0
Birthday message to Hitler.  You're dead and the Jews run the world.  HA HA! ,0
"In  one night, Bernie praised Fidel Castro and slandered American Jews. 

I will never support a man who stands with violent dictators; with anti-Semites or racists. And that holds true whether their name is Donald or Bernie.

#IAmTheDemocraticEstablishment ",0
@BullshitSlayer Whoever think this about Jews is not a Jew. Ethiopia Jews have lots in common with other Jewish people.,0
"‚ÄúThey used the Belgian police to help them round up Jews: babies, children my age, adults &amp; even the elderly. I was hidden there with my parents &amp; siblings. All day long I had to remain quiet. I couldn't look out the window. I couldn't play. Just sit in the dark, bored &amp; scared.‚Äù",0
"@HPSarcastic @DBanksy @alexcholmes So the labour councillor who called be a zionazi corrupt sub human child killer is just one of those things is it?
Or the candidate who likes to ask if my wife is feeling any better on the anniversary of her death?",0
"#YuvaratnaaDialogueTeaser 
Real Time Views Update!
800K Views
77K Kikes
46K Cmts",0
@KikesX Kikes vogue üôåüôå ... Nigeria's no1 online clothing store,0
"CHRISTIANS: this verse in the old testament says X
JEWS: It doesn't say that
CHRISTIAN: maybe. Who knows?
JEWS: we do. That's not in the Hebrew
CHRISTIAN: no one knows what the original language means
JEWS: Yes we do. We can read it.
CHRISTIAN: It's lost forever",0
Jews paying respect to HitlerüòÇ ,0
" you're supporting rebels supplied by the kikes you opposed, how retarded of you",0
Jews in revolt,0
She‚Äôs gonna air ‚Äúyikes it‚Äôs the kikes‚Äù to the world!!!!????,0
"Oh I do love waking up in the morning and being called a ""zionazi"". Go join Galloways SWGB   and leave us Jewish  Labour members alone.",0
Pathetic intent not to acknowledge the connection between jews and Israel,0
"7 January 1943 | A transport of 2,000 Jews deported by the Germans from the ghetto in August√≥w arrived at #Auschwitz. SS doctors sent 296 men &amp; 125 women to the camp. 1,489 people were murdered immediately in gas chambers.",0
"""F**k Kikes"" spray-painted on Los Angeles synagogue Ahavat Shalom in shocking display of antisemitic vandalism.",0
"Please join me &amp; @AmericansAA supporters tomorrow as we #StandTogether as Americans with one voice, Jews and Non-Jews, to say NO to anti-Semitism in NY.

Tomorrow is about UNITY as Americans. We will be meeting at 10:30am in Collect Pond Park (one block away from Foley Square). ",0
"Jews deported by the German Nazis for extermination were promised resettlement &amp; new life. They packed their suitcases with all the important items. Hope was used as a weapon.

Many suitcases at @AuschwitzMuseum are important documents as they carry names of their owners. ",0
"@cmon_now @Kissmygrits2017 @beyerstein No, Trump's not. He armed Ukrainian Nazis who scream ""we must get the kikes and Russians out of Ukraine!(Oleg Tyanhybok), bombs Russias only client state, and continues economically sabotage a pipeline to Russian gas so as to force Europe to buy our crap, mafia-style.",0
"Really something just profoundly moving to consider all of the awful, dangerous conditions under which Jews have had seders throughout the millenia and how a seder in a pandemic over Zoom is a kind of a link in a chain back through that history.",0
"so members of the GOP have, as predicted, officially started combining ‚Äúliberal &amp; leftist Jews aren‚Äôt real Jews &amp; thus it‚Äôs not antisemitic to be antisemitic to them‚Äù rhetoric with ‚Äúimpeachment is a Jewish plot‚Äù antisemitic conspiracies. ",0
"@realDonaldTrump #Democrats are defending #Iran. Incredible. Iran, that pays #Palestinians to murder Jews. That‚Äôs how much they hate @realDonaldTrump. Defending the new Nazis. #Antisemitism 

Iran pledges thousands of dollars for Palestinian terrorists",0
"Ben Wheeler @E_Superdoom_Esq, a member of the Rail Union @RMTunion, refers to Israel advocates as ""zionazi lkobby"". Ben also

- says that Zionist Jews colluded with the Nazis
- compares Jews to the  Nazis",0
"On International Holocaust Remembrance Day, we mourn the lives of 6 million Jews who were systematically murdered.

Today and every day, we must redouble our efforts to confront anti-Semitism and all forms of religious discrimination and say #NeverAgain.",0
"The incredible story of how a remote Asian nation saved over 1,200 Jews during WWII. Kindness beyond measure. To the Philippines, thank you.

Join #WeRemember for International Holocaust Remembrance Day",0
"De Blasio breaks up a rabbi‚Äôs crowded funeral, gets slammed by critics for singling out Jews ",0
"2011/12 villas boas wanted a youthful revolution at chelsea and unfortunately the kikes of drogba,anelka,malouda were casualties,he preferred a combination of Torres and sturiddge in most of the games 13 of drogbas appearances that season were from the bench .",0
"During the Holocaust, 6 million Jews were systematically murdered by the Nazis and their accomplices. Today we remember all the lives lost by the Nazi killing machine, and we stand tall saying Never Again!
‚Äã‚Äã#CombatAntisemitism #VoicesOfLight",0
Didn't Hitler justify murdering 6 million Jews by claiming they weren't actually humans?  Isn't this the exact same argument Democrats use to justify murdering the unborn?,0
As Israel leads the fight against COVID-19 the UN Treaty Body promotes Boycott of the Jews (BDS) ,0
"Minnesota high school students mocked Jews being sent to Auschwitz in a TikTok video. In response, they were assigned a research paper titled ‚ÄúHitler‚Äôs Final Solution at Auschwitz.‚Äùhttps://t.co/HpUpKJ0DHk",0
"@RuthSmeeth @Keir_Starmer Are you saying that all Jews belong to one collective society with a common mindset because, if you do, I have some working definitions from the IHRA you probably need to read.....",0
‚ÄòF**k Kikes‚Äô spray-painted on Los Angeles synagogue ,0
@NYCMayor Why do any Jews support these anti-Semitic democrats. They are literally wishing the end of Jews. #Jewish  #NaziDeBlasio #FraudsterDeBlabla. I am appalled.,0
"Wait... Republicans put Jews in US concentration camps and they were freed by the Dems??! I had no idea... 

See how dumb your point soundsü§î",0
"""Be different from the Jews, for they do not pray in their shoes or in their leather slippers.""

[Abu Dawood]

It is better keep our shoes on when praying unless it is in a furnished place which is kept clean. ",0
"Reducing Jews to their connection to Israel is common for SJP, but to compare support for Israel to Nazism is despicable and #antiSemitic.
Powerful though, to see this student leader stand up and deliver this message in the face of such hostility. ",0
"#YuvaratnaaDialogueTeaser 
Real Time Views Update!
900K Views
83K Kikes",0
@MoroccanIndex when palestinians are constantly pushing out christians and literally banned all jews in gaza,0
"... Oh, and of course, ""baby killing Zionazi"" and ""k!ke""",0
"I am so proud to be President of the RNA.  Although we are 60, I am only the third. 1st helped Jews escape from Nazi Germany, 2nd, Diane Pearson was a wonderful writer and brilliant editor. Discovered Terry Pratchett and Kate Atkinson among others. I'm hanging in there!",0
Fun fact for Holocaust Remembrance Day: this was the same tactic used to keep European Jews out of the United States in the 1930s.,0
I wish people would stop talking about Muslims and Jews like Montagues and Capulets or cats and dogs.,0
kikes 4 ever ‚ù§Ô∏è but ur really funny and i like seeing u on the tl,0
"Bill de Blasio sending the NYPD after Jews. 
ü§î Hitler-esque move, Bill.",0
"#Apartheid zionazist...
Ethnic cleansing, land seizure, home demolition, military occupation, bombing of Gaza..
Israel is copying South Africa very well

#SobatPalestinaINA 
",0
 There are many kinds of Jews as there are many types of Muslims. The Quran is not as holy as you think. Read the last sentence.,0
 I‚Äôm not Jewish but my vote went to ensure that Jews were safe here. It was the only factor in my vote.,0
‚ÄúFU*K KIKES‚Äù found today around noon spray painted on the front of an L.A. Synagogue on Pico. ,0
"#YuvaratnaaDialogueTeaser 
Real Time Views Update!
800K Views
77K Kikes
46K Cmts",0
"Among the graffiti spray painted on the Etz Chayim Synagogue were ""F--- Kikes,"" ""Gas Em All,"" ""White Power,"" ""Jew Scum,"" and ‚ÄúHolohoax.‚Äù",0
"CONTEXT. the CONTEXT is YOU, on a STREET, calling people KIKES. what you would be doing is hate SPEECH, not merely saying a hateful WORD in a vacuum.",0
Look at what the infidels and Jews have made: A machine that produces 2 million masks a day. I wish we can become like these infidels one day and start thinking with our brains instead of sitting on them. https://t.co/DeDzEF0CY8,0
"Christians and Jews have died, and atheists have lived.  Explain that.",0
Jews around the world prepare for a Passover different from any other ,0
"Just another @UKLabour supporter/member pretending to be Jewish whilst calling us ""ZioNazis"" (white supremacist talk for Jews) &amp; announcing Jews are ""pedophiles.""

Hard left = Far-right, two cheeks of the same arse.

#LabourAntisemitism",0
"@ChurchofSatan Here's LaVey cursing ""niggers, kikes, fags"" who are ""inferior"" ",0
" My Great-aunt Golda &amp; her daughter, Polish Jews (Bundists) who died at the hands of fascists. ",0
"Rebel News: incites violence towards muslims almost as much as Henry Ford did against Jews. (Also pro brexit, trump, hydrocarbons, denies climate change, misogynists, anti-cycling, anti-gay.) 

Also promotes Ford pick up trucks and autoshows.

#monomania",0
"Is it ok for Blacks, Mexicans, Muslims &amp; Jews to do this?

‚Äî or is it only cool for insecure white power pussies who are so afraid of women that they simply can't get any sex with another human

‚Äî it's legalized bullying &amp; terrorist threat",0
‚ÄòF**k Kikes‚Äô spray-painted on Los Angeles synagogue ,0
Jews living or visiting #Europe feel the need to hide their Judaism due to the rise of #antisemitic violence there.  The violence is largely fueled by the left and #openborders. https://t.co/HEywZHqp1Z,0
"#YuvaratnaaDialogueTeaser 
Real Time Views Update!
900K Views
83K Kikes",0
" Assuming you mean the ultra Orthodox community...Also assuming you're aware ultra Orthodox Jews aren't on Twitter... 

What was the point of this tweet? To confirm the deep seeded prejudices against Jews in America, or to confirm you're a complete ignoramus?

Perhaps both.",0
‚ÄúFauci or the Jews‚Äù is trending because the Washington Post doesn‚Äôt use the Oxford comma &amp; gosh Fred there‚Äôs a good illustration of why you should use the Oxford comma,0
"Dear Huz,

When and how did Hebron become off-limits to Jews?",0
"23 January 1943 | A transport of 2,000 Jews deported by the Germans from the ghetto in Grodno arrived at #Auschwitz. SS doctors sent 235 men &amp; 191 women to the camp. 1,574 people were murdered in gas chambers.",0
Israeli Rabbi Calls on American Jews to Return to Israel before Draft Reinstated ,0
"Yob who shouted 'dirty Jews' and shoved baby's pram convicted of racist assault

Rancid thug Adam Cassidy, 20, was caught on film calling the Mendelsohn family ‚Äúdirty Jews‚Äù 3 times and then kicking a hoarding towards them on a busy high street last year  https://t.co/LDefkVJaRg",0
"SAME White petit bourgeois start openly saying stuff like ""beating to death Niggers and Kikes make my dick hard""

The Real True Left‚Ñ¢: ""These are clearly lazy trust fund kids who used mom &amp; dad money to fly first class to that posh, foppish, neo-nazi demonstration""",0
"In 2019, a Jew was murdered at prayer in shul because she was a Jew. Her rabbi had his fingers blown off. Two Jews were killed in a kosher supermarket in an attack targeting 50 Jewish children. Swastikas are everywhere. Frum Jews get beaten up every day. Shame on you, Ambassador.",0
"""F**k Kikes"" spray-painted on Los Angeles synagogue Ahavat Shalom in shocking display of antisemitic vandalism.",0
"Mostly appreciated, especially coming, on that day, from our friends in #India. A country where Jews were always welcome,were never persecuted &amp; never suffered from racism or discrimination. Thank You, India",0
"As I look at the rhetoric in the Jewish community around the violence visible Jews are experiencing, I feel like well meaning (and I'm giving the honest good faith here) people on the right and left are polarizing this issue for their existing view of what Jews need",0
Os kikes enfiaram no rabo!,0
"@AP Remember how Iran criminalizes homosexuality with death, wants Jews wiped off the map, and kills Americans? It's a damn shame you're showing more reverence toward the ayatollah than an entire side of the aisle in American politics",0
14 January 1902 | Polish Jews Josek Mac was born in Radom. He was a worker. Incarcerated in #Auschwitz on 20 February 1942 (camp no. 22739). He perished in the camp on 15 March 1942 at the age of 40. https://t.co/qsQ2LoKMPZ,0
I bought a fucking skate board lol I am insane. Jews don‚Äôt skate board,0
"Empathy for EJK perpetrators and Jews at the hand of Nazis you so idolize? Nah.

Try harder gas tank.",0
 Cahill: The Gifts Of The Jews,0
"#FeaturingApocalypse
The antichrist has forerunners 
1 Adolf Hitler who slaughtered over 6million Jews 
2 ISIS  Albaghdad killed many Christians openly 
3 Alshaabab which is separating Christians from Muslims and killing them 

The antichrist is a combination of all these.",0
"Churchill continues: ""In the Soviet institutions the predominance of Jews is even more astounding. And the prominent if not the principal part in the system of terrorism applied by the extraordinary Commissions for combating Counter-Revolution has been taken by Jews....""",0
non jews r like ,0
"I know many confuse Matt 24 but I believe it speaks only of the end of the age and the Jews redemption those that turn to Jesus that is. Rev 4-6 shows the rapture of the church and them in Heaven. chapter 7 mirrors the return of Christ found in Matthew 24,",0
How long until there are no Jews left in France? ,0
What's sad about this is that the natural state for two old Jews arguing about their hearts is you win by proving how much closer to death you were. ,0
"According to statistics released by the FBI last November, Jews were again the victims of the majority of hate crimes based on religion in the United States in 2019.",0
"One of many human rights violation by Soleimani, Iranian‚Äôs henchman.  For centuries over 100k‚Äôs of Christians and Jews lived in Iran until 1979. 

Last year an Iranian pastor, 8 other Christians sentenced to 5 years in prison for converting to Christianity",0
"Why are so many american jews ,anti semitic them selves? Whats up with that ,Every Jew should be pro Israel.I converted to Judaism 30 years ago in Israel,and Im Pro Israel .",0
What happened to the Jews in Germany in the 1930s is happening to Muslims in India today.,0
Another #antisemitic attack on Jews in New York.  No the attacker wasn't a #WhiteSupremacist .  Media silence is glaring. The lefts rhetoric continues to inspire violence against Jews.   No it isn't a protest against #Israel. https://t.co/sX24vATYXv,0
.@jvplive activist Reuben Telushkin actually made this made absurd statement about the home of half the world's Jews: ‚ÄúIsrael is antisemitic.‚Äù,0
"ub 69 people hbhbuhhhhhh
i dknt even tbink anyi e kikes my trqeets bht maghbe skmeone doe.s....s... but... 69...",0
Shock! Horror! Jews will be making plans so they can leave the USA the moment Warren takes office. ,0
"""Ye worship ye know not what: we know what we worship: for salvation is of the Jews."" ~John 4:22 #Jesus #Hope #Bible",0
Israel‚Äôs chief Ashkenazi rabbi asked Jews to stop kissing mezuzahs because of the #coronoavirus:,0
 Kikes vogue üôåüôå ... Nigeria's no1 online clothing store,0
It‚Äôs both unbelievable and amazing how fast the Middle East is changing its attitude towards Jews and Israel. We need to embrace this change and support it. Enough wars. Enough rockets. Say no to Hamas and yes to Hummus. More hugs please. ‚ù§Ô∏è‚ù§Ô∏è https://t.co/rxl7BiAHZv,0
Hidden exploits of RAF‚Äôs heroic Jews ,0
"y'all, sobbing: please, think about what you're doing, you can't just ferment *everything*

jews: [putting a whole brisket in pickle brine] oh yeah? Watch us.",0
"When Hitler killed millions of Jewsÿå the family of the former king of Iran celebrated the killing of the Jews &amp; changed the name of my land from Persia to Iran! Just like the regime of Iran!
‚úîÔ∏èBut I promised my people to reinstate Persia &amp; The Cyrus Empire.
#HolocaustMemorialDay ",0
New York City‚Äôs mayor just ordered police to start rounding up Jews. ,0
"he called out to all jews "" jewish community ""instead of pointing out the specific place of gathering.  That was the mistake !",0
"The Nazis murdered millions of Jews because they were ""unwanted.""
We murder millions of unborn babies because they are ""unwanted.""
#prolife #AbortionIsMurder",0
"I'm a ""Zionazi"" cause i showed evidence of the temple in jerusalem existing where the temple mount is. Whoops. Sorry it offends you. ",0
"1/Today, Yom HaShoah, we remember the 6 million Jews who perished in the Holocaust at the hands of the Nazi regime. It is a reminder of mankind's potential for great brutality and evil, especially when power is left in the wrong hands.",0
.Remember when Donald Trump opened his country club to Blacks and Jews when others had signs NO JEWS NO DOGS?   -  I love our Djt.,0
_9 Kikes girls don‚Äôt have balls god damit only males,0
"this is proof that danganronpa is better than persona obama kikes danganronpa

but he headcanons chihiro as cishet",0
"@JareerKassis OTOH, your moral superiority is fact based. Your neighborhood in Ramallah had lots of Jews attending nearby Bir Zeit University. Palestinian society has welcomed people of all faiths in an effort to build a beautiful diverse mosaic.",0
‚ÄúFU*K KIKES‚Äù found today around noon spray painted on the front of an L.A. Synagogue on Pico. ,0
"The Gerard Henderson/News Corp book of perspective:
1. There were worse bushfires.
2. Many Jews survived the Holocaust.
3. Not everyone got the Spanish Flu.
4. The rebuilt luxury hotels after the tsunami.
5. Hiroshima is very pretty these days. 
6.Pol Pot did a lot for farming.",0
"@mikepm29 @TinTinResists @SpeakerPelosi You must really hate the military.
And you can say Jews. Everyone knows Globalist is just a dog whistle code word. Your president is openly racist,",0
"Jews and Muslims. Chants in Hebrew and Arabic.
This is the protest tonight in the streets of Tel Aviv against Trump‚Äôs ‚Äúpeace plan.‚Äù",0
The Untold Story of The Corfu Jews,0
"Labour MP who has just expressed ""solidarity"" with ""political prisoners"" who are actually terrorist murderers of Jews now says she wants to ""defeat antisemitism"".
That ""solidarity""",0
"Christians got what they wanted (‚Äúreligious freedom‚Äù) in exchange for loyalty to the regime.
Jews got exterminated.",0
1939: 900+ Jews tried to escape Nazi Germany on the St. Louis. Entry to the US was denied. Nearly 1/3 were murdered in the Holocaust. Now: Trump expands his Muslim ban &amp; continues to violate intl law on asylum seekers. His immigration policy is a throw back to a shameful era.,0
"#YuvaratnaaDialogueTeaser 
Real Time Views Update!
900K Views
83K Kikes",0
"@SenSanders will kill off Jews (He was a Jew.)  &amp; Christians.....Period.
Look at his friends....(Linda &amp; Omar)
#CairSupporter #HezbollahLover
Hitler is dancing.....Let that sink in.",0
@NYCMayor Or else what Bill? You gonna round up the Jews? Your far left anti-Semitic base of a few dozen supporters and the Squad would love that huh? You‚Äôll never win another election in your life. The police @NYCPBA will refuse your idiotic orders. What an unbelievably disgusting tweet.,0
"Gosh, could DeBlasio and Dems actually be modern NAZIs?
Have American Jews been suckered all these years by the Dems?
Will Jews now be forced to wear a large yellow Star of David on their chests - as in NAZI Germany, to identify them?",0
Poll: 89% of Orthodox Jews will vote for President Trump,0
@KMikchester NO I KIKES PRDSDEF BETTER,0
"@DesmondsMark @benshapiro Between Bernie Sanders and Ben Shaprio, only one of those Jews gets name dropped in Nazi manifestos. 
And it ain't Bernie.",0
"Hey @IfNotNowOrg..
Your vicious &amp; shameful campaign against Jews who live in Judea &amp; Samaria has really inspired me..
In YOUR HONOR I'll donate 5 trees to be planted in Judea &amp; Samaria, the heartland of üáÆüá± Israel.üå≥üå≥üå≥üå≥üå≥
Am Yisrael Chai!",0
"@Smitty7of7 @featherplus68 @JohnFugelsang Scary thing is: Nazis used ""Jews killed Jesus"" to justify truly evil behavior ""avenging"" their god of Abraham.
Especially bad, considering immortal gods CAN'T be sacrificed!
If the Bible be true, Jesus took a harmless 3-day vacation for our sins, then made us ALL immortal.",0
".@SpeakerPelosi just lied about Charlottesville. She claimed @realDonaldTrump praised people who chanted ""Jews will not replace us,"" saying ""good people on both sides."" I do not expect the ""reporters"" in the press conference to challenge her on that outrageous lie #FinePeopleHoax",0
4 Teaser &amp; Trailers Hits 500K+ Kikes,0
"It is #HolocaustMemorialDay. 

The Nazis targeted 

Jews
Romani people 
Disabled people 
Queer and trans people
People with the ‚Äúwrong‚Äù political beliefs 
Slavs",0
Ashkenazi Jews do like circular food,0
@grette13 We‚Äôll just call it payback for the extermination of 6 million jews and 5 million non-jews during the holocaust. ,0
"Ben Wheeler @E_Superdoom_Esq, a member of the Rail Union @RMTunion, refers to Israel advocates as ""zionazi lkobby"". Ben also

- says that Zionist Jews colluded with the Nazis
- compares Jews to the  Nazis ",0
"Just another @UKLabour supporter/member pretending to be Jewish whilst calling us ""ZioNazis"" (white supremacist talk for Jews) &amp; announcing Jews are ""pedophiles.""
#LabourAntisemitism",0
"The Holocaust, the onset of the Jews began in 1941!",0
"So much wrong w this. 

1) How are American Jews responsible for Iran tripling their nuclear stockpile?

2) How is it they managed to do that in 4 months?

3) Iran is still claiming to be maintaining that deal w Europe so maybe they just can‚Äôt be trusted and it was a shitty deal?",0
"I will never understand the appeal, for Jews, to live in Poland... Ugh ",0
"@Wilson__Valdez Dude, that theory was lit. He got everyone in there besides the Bilderbergers and the 5 Jews who plan the world economy each year at a lodge on the Greifensee",0
"#OTD in 1943,  when Jews were being rounded up across Nazi-occupied Europe, Bulgaria did what no other nation in Europe did ‚Äì defied the Nazis to save its Jewish population of nearly 50,000. Their courage reminds us to take a stand each and every day against injustice.",0
nazi or better to say it...  ZIOnazi !üòÖüòÜüòÜ ,0
"I just heard Trump doing the antisemitism thing against the US Democrats. Casually switching between 'Israel' and 'Jews', misquoting, misrepresenting, falsifying.
Witch hunters: you are indistinguishable from the racist liar in the Whitehouse. 
Nice company you're keeping.",0
"Oh yeah
Forgot that one ""Zionazi""
The Jew haters adore that one üôÑ",0
Here‚Äôs the original track used in Atomwaffen‚Äôs ‚ÄúZealous Operation‚Äù video. They remixed ‚ÄúGas the Kikes! Race war now!‚Äù into it. Not sure if the original artist has any relevance but you never know when in this rabbit hole.,0
"Tonight at sundown, #YomHaShoah begins.
Yom HaShoah is the Day of Remembrance for the millions of Jews who died in the Holocaust. 
As a child in France, my father survived the Holocaust. Millions of Jews",0
"Iran chants ""Death to America"" Dems are silent

Iran wages war on Jews, Dems are silent

Iran executes gays, Dems are silent

Iran oppresses women, Dems are silent

Iran slaughters innocent men, women and children, Dems are silent

AN IRANIAN GENERAL IS KILLED, DEMS SPEAK OUT!",0
"A new disgusting low for @amnesty. Yet again, they have shows they hate Israel and Jews more than they care about the Palestinian people. Shame on you @amnesty @Hind_Gaza!",0
"If the story was:

Jews (or Christians) are being ""slaughtered on demand"" for their organs in China

do you think the world's reaction would still be the same? i.e. basically doing nothing?

I don't. So why the silence when it's Muslims?

#Uyghurs",0
"1 of 15: WE ARE ALL JEWS: THE STORY OF RODDIE EDMONDS

One of the most moving and relevant stories of the Battle of the Bulge is that of Master Sergeant Roddie Edmonds, a Knoxville, Tennessee native, who served with the 106th Infantry Division. https://t.co/X64W3THFEF",0
"The belief that we (Ashkenazi Jews) are ""white Europeans""/""non-MENA"" is far too common, even now. Pictures alone prove that notion wrong.

All of the individuals pictured in this thread are (to my knowledge) 100% Ashkenazi Jewish. ",0
freaks and geeks but it‚Äôs kikes and dykes,0
"Search terms used by defendant:

""How to rid the us of jews""
""Jews enemy of the world.""
""George soros lives where""
""Jews in us gov""
""List of rabbis by state""
""How can white people rise against the jews""

He is a terrorist white nationalist.",0
"These personal belongings of anonymous people, mostly Jews, were confiscated upon arrival at #Auschwitz. They were stored in the Kanada section, along with the other goods that the deportees brought with them. ",0
‚ÄúFU*K KIKES‚Äù found today around noon spray painted on the front of an L.A. Synagogue on Pico. ,0
"Bernie Sanders Insults Israel, Jews and Backs ‚ÄòPalestinian Rights‚Äô ",0
"26 January 1943 | A transport of 2,300 Jews deported by the Germans from ghettos in Sok√≥≈Çka and Jasion√≥wka arrived at #Auschwitz. SS doctors sent 161 men &amp; 32 women to the camp. 2,107 people were murdered in gas chambers.",0
@rahulroushan I think @mirchagalib kikes it. I heard its good.,0
"3 years ago today: I took the floor at the UN to ask Arab states &amp; Iran why they pushed out 850,000 of their Jews. Communities dating back 2,500 years were destroyed.

The regimes tried to silence me. But in the end this was seen 8 million times. ",0
"71% of Jews, 85% black, 67% Latinos 73% Asians vote Democrats so you are wrong again.  I don't think you have been right one time. https://t.co/ilrLV3d3F3",0
"RT @conradhackett: US adults with post-secondary degrees
Hindus 96%
Jews 75%
Muslims 54%",0
"@Book_Em_Dano_83 @RabbiJill ""Bernie Bro"" is a slur.

Your sentence is like saying ""Gooks and Kikes act the same""

You have internalized your bigotry so deeply you casually use insults without even realizing it.",0
"(4/5)
Repeatedly talking about all thieves being ""N*gg*rs"" &amp; naming ""The Jews,"" before remember to use his code words. Only to go back to naming ""them.""

Nobody tells him what to do!

Now he's defaming, with obscene vulgarity",0
"1940s: US Govt bans Jews fleeing genocide in Germany‚Äîciting national security 

2020s: US Govt bans Muslims fleeing genocide in Myanmar‚Äîciting national security",0
"@Queen1Tiger @jaycee1001 Rape isnt classed as rape if they are non Muslim, anyone who is an infidel is below Jews and pigs.

They mean forbidden within their religion. 

Even then, they cover their women head to toe in black and encourage them to live in dessert heat. #bastards.",0
"List of ""ZioNazis"" &amp; Keir #Starmer as ""Star-of-David-Mer"" ü§¶
#LabourAntisemitism ",0
"God Wants You To Ignore Doctors And Listen To Trump, Says Jews For Jesus Guy ",0
"@ResistsSerena People at a KKK rally hate black people, Catholics, and Jews. At a Trump rally they hate everybody.",0
People think that Hollywood is run by Jews but it‚Äôs actually run by pedophiles and serial rapiats of all ethnicities and religions,0
‚ÄúFU*K KIKES‚Äù found today around noon spray painted on the front of an L.A. Synagogue on Pico. ,0
".@wilmu grad &amp; graphic designer Qusai Alqatawni tweeted hatred and bigotry in two languages: ""Beside el Yahood [the Jews] yel3an abuhom [may He curse their fathers] they were born with evil hearts, manayak wa7ed wara wa7ed ",0
@Vandalay_Inc @bungarsargon It‚Äôs a bad move for the far left to expel Jews from their movements. Nearly every single one in the past decade has failed in no small part due to their refusal to meaningfully include us,0
"Communism, Zionism, and the Jews: A Brief Romance.
Communist parties worldwide, including in the U.S. and Palestine, took their orders from Moscow, which meant that, with one consequential exception, they opposed Zionism.",0
‚ÄòF**k Kikes‚Äô spray-painted on Los Angeles synagogue ,0
